{
    "dice_per_class": [
        0.999125599861145,
        0.5629630088806152,
        0.8411716818809509,
        0.7789527177810669
    ],
    "mean_dice": 0.7955532073974609,
    "hd95": 5.309403292862895,
    "sensitivity": 2.1572584300129503,
    "specificity": 1.0298234736477887
}