{
    "dice_per_class": [
        0.9992938041687012,
        0.825377881526947,
        0.8957636952400208,
        0.8868250846862793
    ],
    "mean_dice": 0.9018151164054871,
    "hd95": 3.212419338615758,
    "sensitivity": 0.9125586288219641,
    "specificity": 0.9865210684913176
}