{
    "dice_per_class": [
        0.9990244507789612,
        0.7342358231544495,
        0.8664286732673645,
        0.8586944341659546
    ],
    "mean_dice": 0.864595890045166,
    "hd95": 5.120570117390294,
    "sensitivity": 0.9242152572420647,
    "specificity": 0.9890777949381757
}